{
"spider":"./gg.jar;md5;b3a5a49c793dd82c3fd04e75d3071b20",
	"wallpaper": "http://xhww.fun:63/img.php",
	"lives": [{
		    "name": "live",
		    "type": 0,
		    "url": "./live.txt",
		    "epg": "http://epg.112114.xyz/?ch={name}&date={date}",
                    "logo": "https://epg.112114.xyz/logo/{name}.png"
	    }],
  "sites": [
  {
	  "key": "豆瓣",
	  "name": "🔥豆瓣|推荐",
	  "type": 3,
	  "api": "./min1.js",
	  "searchable": 0,
	  "quickSearch": 0,
	  "filterable": 0,
	  "ext": "./douban.js"
    },
  {"key":"csp_花猫","name":"🛸花猫|追剧","type":3,"api":"csp_XBPQ","searchable":1,"quickSearch":1,"filterable":1,"jar": "./BP.jar;md5;6e12873c628020196fe9400d1ef51f1c","ext":"./花猫影视.json"},
  {
			"key": "黑狐",
			"name": "🛸黑狐|追剧",
			"type": 3,
			"searchable": 1,
			"quickSearch": 1,
			"playerType": "1",
			"jar": "./BP.jar;md5;6e12873c628020196fe9400d1ef51f1c",
			"api": "csp_XBPQ",
			"ext": {

				"站名": "黑狐影院",
				"主页url": "http://fagmn.com",
				"数组": "class=\"stui-vodlist__box\"&&</a",
				"图片": "data-original=\"&&\"",
				"标题": "title=\"&&\"",
				"链接": "href=\"&&\"",
				"嗅探词": ".m3u8#v3.huoshanvod.com#v3-dy-o.zjcdn#sf16-sg.larksuitecdn.com#v.kd1.qq.com",
				"过滤词": "/hls/#php",
				"副标题": "<span class=\"pic-text text-right\">&&</span>",
				"搜索url": "http://fagmn.com/search.php;post;searchword={wd}",
				"搜索模式": "1",
				"搜索数组": "<a class=\"v-thumb stui-vodlist__thumb&&</a>",
				"搜索图片": "data-original=\"&&\"",
				"搜索标题": "title=\"&&\"",
				"搜索链接": "href=\"&&\"",
				"搜索副标题": "<span class=\"pic-text text-right\">&&</span>",
				"搜索后缀": "/view/",
				"线路数组": "href=\"#down&&/a>[替换:奇异视频>>黑狐一线#优酷视频>>黑狐二线#搜狐视频>>黑狐三线#咪咕视频>>黑狐四线]",
				"线路标题": ">&&<",
				"播放数组": "class=\"stui-content__playlist clearfix&&</ul>",
				"状态": "地区：&&</p>",
				"导演": "导演：&&</p>",
				"主演": "主演：&&</p>",
				"简介": "简介：&&</div>",
				"播放列表": "<a&&/a>",
				"播放标题": ">&&<",
				"播放链接": "href=\"&&\"",
				"免嗅": "0",
				"分类": "电影$1#电视剧$2#动漫$3#综艺$4",
				"分类url": "http://fagmn.com/list/{cateId}_{catePg}.html?order=time"

			}
		},
		{"key":"csp_日后","name":"🛸日后|追剧","type":3,"api":"csp_XBPQ","searchable":1,"quickSearch":1,"filterable":1,"ext":"./348影视.json","jar":"./BP.jar"},
    { "key": "365", "name": "🛸365|秒播", "type": 3, "api":"csp_AppYsV2","searchable":1,"quickSearch":1,"filterable":1,"ext":"http://guan.yy365.vip/api.php/app/"},
    {"key":"速映影视","name":"🛸速映|2K","type":3,"api":"csp_XBPQ","searchable":1,"quickSearch":1,"filterable":1,"ext":"./suying.json","jar":"./BP.jar"},
    {"key": "csp_XYQHikerAL_玩偶哥哥","name":"🎬玩偶|哥哥","type":3,"api":"csp_XYQHikerAL","playerType":1,"searchable":1,"quickSearch":1,"filterable":1,"ext": "5c95dfabc2d74a7d91c8b46806831b99","ext":"./玩偶哥哥.json"},
    {"key":"csp_Kuaikan","name":"💡快看|影视","type":3,"api":"csp_Kuaikan","searchable":1,"quickSearch":1,"filterable":1},
    {"key":"Gitcafe","name":"📀小纸条|搜","type":3,"api":"csp_Gitcafe","playerType":1,"searchable":1,"quickSearch":1,"filterable":1,"ext":"./alitoken.txt"},
        {"key":"csp_Zhaozy","name":"📀找资源|搜","type":3,"api":"csp_Zhaozy","playerType":1,"searchable":1,"quickSearch":1,"filterable":0,"ext":"./alitoken.txt"},
        {"key":"csp_AliPS","name":"📀喵狸|盘搜","type":3,"api":"csp_AliPS","playerType":1,"searchable":1,"quickSearch":1,"filterable":0,"ext":"./alitoken.txt"},
        {"key":"csp_Yisou","name":"📀易搜|搜索","type":3,"api":"csp_Yisou","playerType":1,"searchable":1,"quickSearch":1,"filterable":0,"ext":"./alitoken.txt"},
    {"key":"csp_Bili","name":"🎬哔哩|综合","type": 3,"api": "csp_Bili","searchable": 1,"quickSearch": 1,"filterable": 1,"ext":"./Bili.json"},
{"key":"csp_Bili小学","name":"📚哔哩|小学","type": 3,"api": "csp_Bili","searchable": 0,"quickSearch": 0,"filterable": 1,"ext":"./小学课堂.json"},
        {"key":"csp_Bili初中","name":"📚哔哩|初中","type": 3,"api": "csp_Bili","searchable": 0,"quickSearch": 0,"filterable": 1,"ext":"./初中课堂.json"},
        {"key":"csp_Bili高中","name":"📚哔哩|高中","type": 3,"api": "csp_Bili","searchable": 0,"quickSearch": 0,"filterable": 1,"ext":"./高中课堂.json"},
{"key":"戏曲杂苑","name":"🥁 戏曲|杂苑","type":3,"api":"csp_Bili","searchable":0,"quickSearch":1,"filterable":1,"ext":"./哔哩戏曲.json"},
   
    {
      "key": "push_agent",
      "name": "\uD83C\uDF6D推送",
      "type": 3,
      "api": "csp_Push",
      "searchable": 0,
      "filterable": 0,
      "changeable": 0
    }
  ],
"parses": [
        //{"name":"Json并发","type":2,"url":"Parallel"},
        //{"name":"Json轮询","type":2,"url":"Sequence"},
        {"name":"Web聚合","type":3,"url":"Web"},
        {"name":"-虾米-","type":0,"url":"https://jx.xmflv.com/?url="},
        {"name":"-盘古-","type":0,"url":"https://www.pangujiexi.cc/jiexi.php?url=","ext":{"flag":["qq","腾讯","qiyi","爱奇艺","奇艺","youku","优酷","mgtv","芒果","letv","乐视","pptv","PPTV","sohu","bilibili","哔哩哔哩","哔哩"]}},
        {"name":"-BBKDJ-","type":0,"url":"https://jx.yparse.com/index.php?url="},
        {"name":"-777-","type":0,"url":"https://jx.777jiexi.com/player/?url="},
        {"name":"-咸鱼-","type":0,"url":"https://jx.xyflv.com/?url="},
        {"name":"-全看-","type":0,"url":"https://jx.quankan.app/?url="}
        
    ],
    "flags":["youku","qq","iqiyi","qiyi","letv","sohu","tudou","pptv","mgtv","wasu","bilibili","renrenmi"],
    "rules":[
        {"host":"www.iesdouyin.com","rule":["playwm/?video_id="]},
        {"host":"www.ysgc.vip","rule":["getm3u8?url=http"]},
        {"host":"v.douyin.com","rule":["playwm/?video_id="]},
        {"host": "*","rule": ["default.365yg.com"]},
        {"host": "dyxs20.com","rule": [".m3u8"]},
        {"host": "www.agemys.cc","rule": ["cdn-tos","obj/tos-cn"]},
        {"host": "www.sharenice.net","rule": ["http.*?/play.{0,3}\\?[^url]{2,8}=.*"]},
        {"host": "www.sharenice.net","rule": ["qianpailive.com","vid="]},
        {"host": "*","rule": ["douyin.com/aweme","video_id="]},
        {"host": "*","rule": ["huoshan.com","/item/video/"]},
        {"host": "*","rule": ["http((?!http).){12,}?\\.(m3u8|mp4|flv|avi|mkv|rm|wmv|mpg|m4a)\\?.*"]},
        {"host": "*","rule": ["http((?!http).){12,}\\.(m3u8|mp4|flv|avi|mkv|rm|wmv|mpg|m4a)"]},
        {"name":"量子广告","hosts":["vip.lz","hd.lz"],"regex":["#EXT-X-DISCONTINUITY\\r*\\n*#EXTINF:6.433333,[\\s\\S]*?#EXT-X-DISCONTINUITY"]},
        {"name":"非凡广告","hosts":["vip.ffzy","hd.ffzy"],"regex":["#EXT-X-DISCONTINUITY\\r*\\n*#EXTINF:6.666667,[\\s\\S]*?#EXT-X-DISCONTINUITY"]},
        {"name":"磁力广告","hosts":["magnet"],"regex":["更多","社 區","x u u","最 新","最新","直 播","更 新","社 区","有趣","有 趣","英皇体育","全中文AV在线","澳门皇冠赌场","哥哥快来","美女荷官","裸聊","新片首发","UUE29"]}
    ],
    "ijk":[
        {"group":"软解码","options":[{"category":4,"name":"opensles","value":"0"},{"category":4,"name":"overlay-format","value":"842225234"},{"category":4,"name":"framedrop","value":"1"},{"category":4,"name":"soundtouch","value":"1"},{"category":4,"name":"start-on-prepared","value":"1"},{"category":1,"name":"http-detect-range-support","value":"0"},{"category":1,"name":"fflags","value":"fastseek"},{"category":2,"name":"skip_loop_filter","value":"48"},{"category":4,"name":"reconnect","value":"1"},{"category":4,"name":"enable-accurate-seek","value":"0"},{"category":4,"name":"mediacodec","value":"0"},{"category":4,"name":"mediacodec-auto-rotate","value":"0"},{"category":4,"name":"mediacodec-handle-resolution-change","value":"0"},{"category":4,"name":"mediacodec-hevc","value":"0"},{"category":1,"name":"dns_cache_timeout","value":"600000000"}]},
        {"group":"硬解码","options":[{"category":4,"name":"opensles","value":"0"},{"category":4,"name":"overlay-format","value":"842225234"},{"category":4,"name":"framedrop","value":"1"},{"category":4,"name":"soundtouch","value":"1"},{"category":4,"name":"start-on-prepared","value":"1"},{"category":1,"name":"http-detect-range-support","value":"0"},{"category":1,"name":"fflags","value":"fastseek"},{"category":2,"name":"skip_loop_filter","value":"48"},{"category":4,"name":"reconnect","value":"1"},{"category":4,"name":"enable-accurate-seek","value":"0"},{"category":4,"name":"mediacodec","value":"1"},{"category":4,"name":"mediacodec-auto-rotate","value":"1"},{"category":4,"name":"mediacodec-handle-resolution-change","value":"1"},{"category":4,"name":"mediacodec-hevc","value":"1"},{"category":1,"name":"dns_cache_timeout","value":"600000000"}]}
    ],
    "ads":["mimg.0c1q0l.cn","www.googletagmanager.com","www.google-analytics.com","mc.usihnbcq.cn","mg.g1mm3d.cn","mscs.svaeuzh.cn","cnzz.hhttm.top","tp.vinuxhome.com","cnzz.mmstat.com","www.baihuillq.com","s23.cnzz.com","z3.cnzz.com","c.cnzz.com","stj.v1vo.top","z12.cnzz.com","img.mosflower.cn","tips.gamevvip.com","ehwe.yhdtns.com","xdn.cqqc3.com","www.jixunkyy.cn","sp.chemacid.cn","hm.baidu.com","s9.cnzz.com","z6.cnzz.com","um.cavuc.com","mav.mavuz.com","wofwk.aoidf3.com","z5.cnzz.com","xc.hubeijieshikj.cn","tj.tianwenhu.com","xg.gars57.cn","k.jinxiuzhilv.com","cdn.bootcss.com","ppl.xunzhuo123.com","xomk.jiangjunmh.top","img.xunzhuo123.com","z1.cnzz.com","s13.cnzz.com","xg.huataisangao.cn","z7.cnzz.com","xg.huataisangao.cn","z2.cnzz.com","s96.cnzz.com","q11.cnzz.com","thy.dacedsfa.cn","xg.whsbpw.cn","s19.cnzz.com","z8.cnzz.com","s4.cnzz.com","f5w.as12df.top","ae01.alicdn.com","www.92424.cn","k.wudejia.com","vivovip.mmszxc.top","qiu.xixiqiu.com","cdnjs.hnfenxun.com","cms.qdwght.com","api.htpan.net"]
}